{"type": "metrics", "dataset": "train", "precision": 0.6910953506698188, "balanced_accuracy": 0.6614409526703842, "recall": 0.3710598688385868, "f1_score": 0.482863041982106}
{"type": "metrics", "dataset": "test", "precision": 0.6733840644583706, "balanced_accuracy": 0.6675681898988965, "recall": 0.3881613410162389, "f1_score": 0.4897554527428949}
{"type": "cm_matrix", "dataset": "train", "true_0": {"predicted_0": 15489, "predicted_1": 784}, "true_1": {"predicted_0": 2973, "predicted_1": 1754}}
{"type": "cm_matrix", "dataset": "test", "true_0": {"predicted_0": 6715, "predicted_1": 376}, "true_1": {"predicted_0": 1168, "predicted_1": 741}}
